"","ASV","lab"
"1","OTU_156","OTU_156"
"2","OTU_411","OTU_411"
"3","OTU_434","OTU_434"
"4","OTU_334","OTU_334"
"5","OTU_210","OTU_210"
"6","OTU_327","OTU_327"
"7","OTU_406","OTU_406"
"8","OTU_352","OTU_352"
"9","OTU_191","OTU_191"
"10","OTU_118","OTU_118"
"11","OTU_231","OTU_231"
"12","OTU_174","OTU_174"
"13","OTU_274","OTU_274"
"14","OTU_310","OTU_310"
"15","OTU_271","OTU_271"
"16","OTU_420","OTU_420"
"17","OTU_335","OTU_335"
"18","OTU_126","OTU_126"
"19","OTU_416","OTU_416"
"20","OTU_273","OTU_273"
"21","OTU_283","OTU_283"
"22","OTU_101","OTU_101"
"23","OTU_300","OTU_300"
"24","OTU_35","OTU_35"
"25","OTU_187","OTU_187"
"26","OTU_336","OTU_336"
"27","OTU_261","OTU_261"
"28","OTU_358","OTU_358"
"29","OTU_51","OTU_51"
"30","OTU_315","OTU_315"
"31","OTU_18","OTU_18"
"32","OTU_340","OTU_340"
"33","OTU_78","OTU_78"
"34","OTU_288","OTU_288"
"35","OTU_145","OTU_145"
"36","OTU_170","OTU_170"
"37","OTU_206","OTU_206"
"38","OTU_208","OTU_208"
"39","OTU_205","OTU_205"
"40","OTU_59","OTU_59"
"41","OTU_186","OTU_186"
"42","OTU_71","OTU_71"
"43","OTU_105","OTU_105"
"44","OTU_366","OTU_366"
"45","OTU_82","OTU_82"
"46","OTU_106","OTU_106"
"47","OTU_196","OTU_196"
"48","OTU_29","OTU_29"
"49","OTU_282","OTU_282"
"50","OTU_219","OTU_219"
"51","OTU_80","OTU_80"
"52","OTU_294","OTU_294"
"53","OTU_362","OTU_362"
"54","OTU_217","OTU_217"
"55","OTU_387","OTU_387"
"56","OTU_425","OTU_425"
"57","OTU_12","OTU_12"
"58","OTU_433","OTU_433"
"59","OTU_211","OTU_211"
"60","OTU_232","OTU_232"
"61","OTU_140","OTU_140"
"62","OTU_264","OTU_264"
"63","OTU_149","OTU_149"
"64","OTU_193","OTU_193"
"65","OTU_301","OTU_301"
"66","OTU_45","OTU_45"
"67","OTU_395","OTU_395"
"68","OTU_298","OTU_298"
"69","OTU_289","OTU_289"
"70","OTU_224","OTU_224"
"71","OTU_52","OTU_52"
"72","OTU_413","OTU_413"
"73","OTU_176","OTU_176"
"74","OTU_399","OTU_399"
"75","OTU_212","OTU_212"
"76","OTU_23","OTU_23"
"77","OTU_189","OTU_189"
"78","OTU_270","OTU_270"
"79","OTU_330","OTU_330"
"80","OTU_192","OTU_192"
"81","OTU_154","OTU_154"
"82","OTU_269","OTU_269"
"83","OTU_188","OTU_188"
"84","OTU_17","OTU_17"
"85","OTU_185","OTU_185"
"86","OTU_347","OTU_347"
"87","OTU_391","OTU_391"
"88","OTU_44","OTU_44"
"89","OTU_267","OTU_267"
"90","OTU_48","OTU_48"
"91","OTU_247","OTU_247"
"92","OTU_198","OTU_198"
"93","OTU_152","OTU_152"
"94","OTU_73","OTU_73"
"95","OTU_221","OTU_221"
"96","OTU_102","OTU_102"
"97","OTU_339","OTU_339"
"98","OTU_14","OTU_14"
"99","OTU_56","OTU_56"
"100","OTU_318","OTU_318"
"101","OTU_309","OTU_309"
"102","OTU_36","OTU_36"
"103","OTU_197","OTU_197"
"104","OTU_222","OTU_222"
"105","OTU_150","OTU_150"
"106","OTU_26","OTU_26"
"107","OTU_317","OTU_317"
"108","OTU_100","OTU_100"
"109","OTU_6","OTU_6"
"110","OTU_94","OTU_94"
"111","OTU_355","OTU_355"
"112","OTU_341","OTU_341"
"113","OTU_199","OTU_199"
"114","OTU_249","OTU_249"
"115","OTU_161","OTU_161"
"116","OTU_116","OTU_116"
"117","OTU_254","OTU_254"
"118","OTU_291","OTU_291"
"119","OTU_397","OTU_397"
"120","OTU_295","OTU_295"
"121","OTU_238","OTU_238"
"122","OTU_349","OTU_349"
"123","OTU_204","OTU_204"
"124","OTU_65","OTU_65"
"125","OTU_314","OTU_314"
"126","OTU_319","OTU_319"
"127","OTU_372","OTU_372"
"128","OTU_34","OTU_34"
"129","OTU_344","OTU_344"
"130","OTU_203","OTU_203"
"131","OTU_40","OTU_40"
"132","OTU_47","OTU_47"
"133","OTU_389","OTU_389"
"134","OTU_278","OTU_278"
"135","OTU_356","OTU_356"
"136","OTU_313","OTU_313"
"137","OTU_125","OTU_125"
"138","OTU_316","OTU_316"
"139","OTU_451","OTU_451"
"140","OTU_272","OTU_272"
"141","OTU_400","OTU_400"
"142","OTU_49","OTU_49"
"143","OTU_227","OTU_227"
"144","OTU_91","OTU_91"
"145","OTU_426","OTU_426"
"146","OTU_183","OTU_183"
"147","OTU_398","OTU_398"
"148","OTU_408","OTU_408"
"149","OTU_338","OTU_338"
"150","OTU_20","OTU_20"
"151","OTU_27","OTU_27"
"152","OTU_370","OTU_370"
"153","OTU_79","OTU_79"
"154","OTU_129","OTU_129"
"155","OTU_86","OTU_86"
"156","OTU_200","OTU_200"
"157","OTU_119","OTU_119"
"158","OTU_123","OTU_123"
"159","OTU_46","OTU_46"
"160","OTU_15","OTU_15"
"161","OTU_37","OTU_37"
"162","OTU_360","OTU_360"
"163","OTU_423","OTU_423"
"164","OTU_165","OTU_165"
"165","OTU_99","OTU_99"
"166","OTU_438","OTU_438"
"167","OTU_110","OTU_110"
"168","OTU_368","OTU_368"
"169","OTU_332","OTU_332"
"170","OTU_153","OTU_153"
"171","OTU_235","OTU_235"
"172","OTU_115","OTU_115"
"173","OTU_147","OTU_147"
"174","OTU_207","OTU_207"
"175","OTU_167","OTU_167"
"176","OTU_202","OTU_202"
"177","OTU_228","OTU_228"
"178","OTU_258","OTU_258"
"179","OTU_251","OTU_251"
"180","OTU_141","OTU_141"
"181","OTU_4","OTU_4"
"182","OTU_250","OTU_250"
"183","OTU_262","OTU_262"
"184","OTU_157","OTU_157"
"185","OTU_248","OTU_248"
"186","OTU_359","OTU_359"
"187","OTU_120","OTU_120"
"188","OTU_122","OTU_122"
"189","OTU_214","OTU_214"
"190","OTU_333","OTU_333"
"191","OTU_304","OTU_304"
"192","OTU_296","OTU_296"
"193","OTU_256","OTU_256"
"194","OTU_171","OTU_171"
"195","OTU_435","OTU_435"
"196","OTU_159","OTU_159"
"197","OTU_143","OTU_143"
"198","OTU_69","OTU_69"
"199","OTU_55","OTU_55"
"200","OTU_379","OTU_379"
"201","OTU_76","OTU_76"
"202","OTU_21","OTU_21"
"203","OTU_404","OTU_404"
"204","OTU_155","OTU_155"
"205","OTU_111","OTU_111"
"206","OTU_308","OTU_308"
"207","OTU_474","OTU_474"
"208","OTU_172","OTU_172"
"209","OTU_246","OTU_246"
"210","OTU_324","OTU_324"
"211","OTU_345","OTU_345"
"212","OTU_97","OTU_97"
"213","OTU_194","OTU_194"
"214","OTU_414","OTU_414"
"215","OTU_13","OTU_13"
"216","OTU_322","OTU_322"
"217","OTU_178","OTU_178"
"218","OTU_53","OTU_53"
"219","OTU_326","OTU_326"
"220","OTU_201","OTU_201"
"221","OTU_42","OTU_42"
"222","OTU_173","OTU_173"
"223","OTU_77","OTU_77"
"224","OTU_92","OTU_92"
"225","OTU_31","OTU_31"
"226","OTU_95","OTU_95"
"227","OTU_265","OTU_265"
"228","OTU_75","OTU_75"
"229","OTU_237","OTU_237"
"230","OTU_363","OTU_363"
"231","OTU_38","OTU_38"
"232","OTU_128","OTU_128"
"233","OTU_225","OTU_225"
"234","OTU_134","OTU_134"
"235","OTU_407","OTU_407"
"236","OTU_299","OTU_299"
"237","OTU_393","OTU_393"
"238","OTU_405","OTU_405"
"239","OTU_50","OTU_50"
"240","OTU_72","OTU_72"
"241","OTU_239","OTU_239"
"242","OTU_365","OTU_365"
"243","OTU_89","OTU_89"
"244","OTU_311","OTU_311"
"245","OTU_320","OTU_320"
"246","OTU_74","OTU_74"
"247","OTU_303","OTU_303"
"248","OTU_39","OTU_39"
"249","OTU_16","OTU_16"
"250","OTU_223","OTU_223"
"251","OTU_275","OTU_275"
"252","OTU_138","OTU_138"
"253","OTU_121","OTU_121"
"254","OTU_132","OTU_132"
"255","OTU_348","OTU_348"
"256","OTU_32","OTU_32"
"257","OTU_371","OTU_371"
"258","OTU_61","OTU_61"
"259","OTU_343","OTU_343"
"260","OTU_182","OTU_182"
"261","OTU_390","OTU_390"
"262","OTU_367","OTU_367"
"263","OTU_354","OTU_354"
"264","OTU_374","OTU_374"
"265","OTU_361","OTU_361"
"266","OTU_382","OTU_382"
"267","OTU_281","OTU_281"
"268","OTU_384","OTU_384"
"269","OTU_394","OTU_394"
"270","OTU_305","OTU_305"
"271","OTU_68","OTU_68"
"272","OTU_81","OTU_81"
"273","OTU_381","OTU_381"
"274","OTU_226","OTU_226"
"275","OTU_302","OTU_302"
"276","OTU_96","OTU_96"
"277","OTU_9","OTU_9"
"278","OTU_8","OTU_8"
"279","OTU_127","OTU_127"
"280","OTU_131","OTU_131"
"281","OTU_28","OTU_28"
"282","OTU_229","OTU_229"
"283","OTU_70","OTU_70"
"284","OTU_90","OTU_90"
"285","OTU_181","OTU_181"
"286","OTU_388","OTU_388"
"287","OTU_190","OTU_190"
"288","OTU_312","OTU_312"
"289","OTU_2","OTU_2"
"290","OTU_263","OTU_263"
"291","OTU_350","OTU_350"
"292","OTU_290","OTU_290"
"293","OTU_180","OTU_180"
"294","OTU_84","OTU_84"
"295","OTU_277","OTU_277"
"296","OTU_268","OTU_268"
"297","OTU_10","OTU_10"
"298","OTU_276","OTU_276"
"299","OTU_257","OTU_257"
"300","OTU_104","OTU_104"
"301","OTU_113","OTU_113"
"302","OTU_353","OTU_353"
"303","OTU_41","OTU_41"
"304","OTU_454","OTU_454"
"305","OTU_292","OTU_292"
"306","OTU_142","OTU_142"
"307","OTU_402","OTU_402"
"308","OTU_234","OTU_234"
"309","OTU_43","OTU_43"
"310","OTU_287","OTU_287"
"311","OTU_144","OTU_144"
"312","OTU_307","OTU_307"
"313","OTU_253","OTU_253"
"314","OTU_376","OTU_376"
"315","OTU_135","OTU_135"
"316","OTU_378","OTU_378"
"317","OTU_83","OTU_83"
"318","OTU_369","OTU_369"
"319","OTU_67","OTU_67"
"320","OTU_195","OTU_195"
"321","OTU_364","OTU_364"
"322","OTU_266","OTU_266"
"323","OTU_252","OTU_252"
"324","OTU_87","OTU_87"
"325","OTU_386","OTU_386"
"326","OTU_64","OTU_64"
"327","OTU_124","OTU_124"
"328","OTU_415","OTU_415"
"329","OTU_325","OTU_325"
"330","OTU_403","OTU_403"
"331","OTU_380","OTU_380"
"332","OTU_62","OTU_62"
"333","OTU_66","OTU_66"
"334","OTU_245","OTU_245"
"335","OTU_164","OTU_164"
"336","OTU_166","OTU_166"
"337","OTU_284","OTU_284"
"338","OTU_409","OTU_409"
"339","OTU_112","OTU_112"
"340","OTU_297","OTU_297"
"341","OTU_160","OTU_160"
"342","OTU_184","OTU_184"
"343","OTU_133","OTU_133"
"344","OTU_456","OTU_456"
"345","OTU_136","OTU_136"
"346","OTU_424","OTU_424"
"347","OTU_175","OTU_175"
"348","OTU_108","OTU_108"
"349","OTU_449","OTU_449"
"350","OTU_114","OTU_114"
"351","OTU_54","OTU_54"
"352","OTU_93","OTU_93"
"353","OTU_351","OTU_351"
"354","OTU_57","OTU_57"
"355","OTU_1","OTU_1"
"356","OTU_3","OTU_3"
"357","OTU_357","OTU_357"
"358","OTU_448","OTU_448"
"359","OTU_373","OTU_373"
"360","OTU_346","OTU_346"
"361","OTU_85","OTU_85"
"362","OTU_421","OTU_421"
"363","OTU_342","OTU_342"
"364","OTU_24","OTU_24"
"365","OTU_401","OTU_401"
"366","OTU_216","OTU_216"
"367","OTU_244","OTU_244"
"368","OTU_169","OTU_169"
"369","OTU_337","OTU_337"
"370","OTU_168","OTU_168"
"371","OTU_11","OTU_11"
"372","OTU_19","OTU_19"
"373","OTU_280","OTU_280"
"374","OTU_418","OTU_418"
"375","OTU_109","OTU_109"
"376","OTU_22","OTU_22"
"377","OTU_259","OTU_259"
"378","OTU_151","OTU_151"
"379","OTU_30","OTU_30"
"380","OTU_331","OTU_331"
"381","OTU_107","OTU_107"
"382","OTU_255","OTU_255"
"383","OTU_233","OTU_233"
"384","OTU_392","OTU_392"
"385","OTU_158","OTU_158"
"386","OTU_241","OTU_241"
"387","OTU_329","OTU_329"
"388","OTU_242","OTU_242"
"389","OTU_220","OTU_220"
"390","OTU_323","OTU_323"
"391","OTU_137","OTU_137"
"392","OTU_63","OTU_63"
"393","OTU_179","OTU_179"
"394","OTU_230","OTU_230"
"395","OTU_375","OTU_375"
"396","OTU_148","OTU_148"
"397","OTU_236","OTU_236"
"398","OTU_285","OTU_285"
"399","OTU_218","OTU_218"
"400","OTU_213","OTU_213"
"401","OTU_139","OTU_139"
"402","OTU_215","OTU_215"
"403","OTU_103","OTU_103"
"404","OTU_60","OTU_60"
"405","OTU_58","OTU_58"
"406","OTU_328","OTU_328"
"407","OTU_163","OTU_163"
"408","OTU_146","OTU_146"
"409","OTU_98","OTU_98"
"410","OTU_117","OTU_117"
"411","OTU_293","OTU_293"
"412","OTU_33","OTU_33"
"413","OTU_177","OTU_177"
"414","OTU_240","OTU_240"
"415","OTU_243","OTU_243"
